day,product,n,mid_mean,mid_min,mid_max,ret_std,ar1_b
0,HYDROGEL_PACK,10000,9990.9621,9928.0,10071.0,2.191109868190382,-0.13785961376080794
0,VELVETFRUIT_EXTRACT,10000,5246.51025,5216.5,5284.5,1.120524518912346,-0.1509891239737303
1,HYDROGEL_PACK,10000,9992.0551,9908.5,10079.0,2.148215303373859,-0.12398319401453307
1,VELVETFRUIT_EXTRACT,10000,5248.3919,5198.0,5283.0,1.1348125735280745,-0.1692950574398537
2,HYDROGEL_PACK,10000,9989.4034,9891.0,10051.0,2.169820453880737,-0.12535182844579454
2,VELVETFRUIT_EXTRACT,10000,5255.39215,5207.0,5300.0,1.1380560954467753,-0.1551295468093879
