,mid_first,mid_last,mid_min,mid_max,mid_std,drift_ticks_per_step,ret1_std,ret1_skew,ret1_kurt,share_zero_returns,ar1_b,ar1_t_stat,half_life_ticks,n_obs,ou_kappa,ou_mu,ou_half_life_ticks,spread_p50,spread_p90,spread_max,depth_p50,depth_p10
HYDROGEL_PACK,10000.0,10010.0,9891.0,10079.0,31.934681505361674,0.0003333444448148272,2.1698402773275323,-0.00788245007523315,0.6209557578052856,0.18020600686689556,-0.12921933997777227,-22.56909190405038,0.33874121446164385,29998.0,0.0023036546503851845,9990.950929312487,300.89023128707555,16.0,16.0,17.0,76.0,66.0
VELVETFRUIT_EXTRACT,5250.0,5295.5,5198.0,5300.0,15.630154927468462,0.0015167172239074636,1.1311934787066356,-0.03343385400214176,0.35064097692161456,0.2466748891629721,-0.1586742786544857,-27.83370755952369,0.37652589790805596,29998.0,0.0024788681956459373,5250.708445314303,279.6224429267514,5.0,6.0,6.0,120.0,102.0
